,WR,CB,SS,FS,ILB,RB,T,OLB,C,TE,DT,G,QB,NT,DE,FB,MLB,DB,LS
0,0.5222154615362019,0.3598146455826573,0.541800294545177,0.4366832413709182,0.9274392891744416,0.8767780071410107,0.9671605964066675,0.9891470643965957,0.9661662050157176,0.9784994786400899,0.9924115686162568,0.9937978807622002,0.8900741017988819,0.9960177440790526,0.9932181936944675,0.9889670453752941,0.7264569628251919,0.9999999999999999,1.0
